id,network_type,low_count_threshold,cpm_transform,log2_transform,voom_transform,quantile_normalize,batch_adjustment,similarity_measure,adj_power,topological_overlap,merge_cor,num_modules_before,num_modules,num_genes,med_module_size,go_total_enriched,unique_go_terms,num_go_enriched_modules,mean_go_pval,total_go_pval,kegg_total_enriched,unique_kegg_terms,num_kegg_enriched_modules,mean_kegg_pval,total_kegg_pval,total_de
100,signed,1,FALSE,FALSE,FALSE,TRUE,none,cor-dist,2,FALSE,1,625,625,12892,16,70,57,25,0.014,172.084797226702,44,29,30,0.0154,143.48532349822,157559
101,signed,1,FALSE,FALSE,FALSE,TRUE,none,cor-dist,3,FALSE,1,623,623,12892,17,64,57,21,0.0115,153.513492234515,42,32,27,0.0112,141.955312640184,157559
102,signed,1,FALSE,FALSE,FALSE,TRUE,none,cor-dist,4,FALSE,1,653,653,12892,16,72,65,24,0.0158,172.325263617742,44,30,32,0.0119,136.21617422784,157559
103,signed,1,FALSE,FALSE,FALSE,TRUE,none,cor-dist,5,FALSE,1,649,649,12892,16,61,50,23,0.0165,139.613582626495,32,28,23,0.0102,127.732728885482,157559
104,signed,1,FALSE,FALSE,FALSE,TRUE,none,cor-dist,6,FALSE,1,639,639,12892,16,68,57,22,0.0136,166.391892655483,39,30,27,0.0082,150.309465076508,157559
105,signed,1,FALSE,FALSE,FALSE,TRUE,none,cor-dist,7,FALSE,1,640,640,12892,16,61,52,20,0.0139,148.672380244948,43,29,29,0.0096,148.946919860905,157559
106,signed,1,FALSE,FALSE,FALSE,TRUE,none,cor-dist,8,FALSE,1,642,642,12892,16,68,57,24,0.0131,168.709647639699,59,37,36,0.0122,197.10730897196,157559
107,signed,1,FALSE,FALSE,FALSE,TRUE,none,cor-dist,9,FALSE,1,621,621,12892,16,81,75,24,0.0132,235.911465668903,59,37,37,0.0125,188.387285713779,157559
108,signed,1,FALSE,FALSE,FALSE,TRUE,none,cor-dist,10,FALSE,1,635,635,12892,16,69,60,25,0.0126,168.729674590221,45,31,28,0.0122,155.229054900889,157559
109,signed,1,FALSE,FALSE,FALSE,TRUE,none,cor-dist,11,FALSE,1,644,644,12892,16,67,60,23,0.0133,163.632211445703,52,30,32,0.0096,178.60811321804,157559
10,signed,1,FALSE,FALSE,FALSE,FALSE,none,cor,10,FALSE,1,636,636,12892,16,88,77,26,0.0195,181.746118063467,63,42,39,0.0143,183.144470088236,157559
110,signed,1,FALSE,FALSE,FALSE,TRUE,none,cor-dist,12,FALSE,1,631,631,12892,16,64,50,26,0.0136,148.239118875497,46,32,31,0.013,156.782657938201,157559
111,signed,1,FALSE,FALSE,FALSE,TRUE,none,cor-dist,13,FALSE,1,620,620,12892,16,64,54,26,0.017,142.90536930805,48,34,29,0.0133,163.028928028543,157559
112,signed,1,FALSE,FALSE,FALSE,TRUE,none,cor-dist,14,FALSE,1,606,606,12892,16,60,54,23,0.0171,131.591167528638,33,25,23,0.0137,118.736189840275,157559
113,signed,1,FALSE,TRUE,FALSE,FALSE,none,cor,1,FALSE,1,648,648,12892,16,93,85,38,0.0162,193.026068381954,70,48,37,0.0131,219.671172966884,157559
114,signed,1,FALSE,TRUE,FALSE,FALSE,none,cor,2,FALSE,1,659,659,12892,15,88,79,38,0.0151,186.001072072866,60,43,35,0.012,187.214700277244,157559
115,signed,1,FALSE,TRUE,FALSE,FALSE,none,cor,3,FALSE,1,633,633,12892,16,80,63,33,0.0157,177.758563444646,61,42,35,0.0113,190.308488579362,157559
116,signed,1,FALSE,TRUE,FALSE,FALSE,none,cor,4,FALSE,1,640,640,12892,16,73,63,35,0.0155,155.541678505896,68,46,38,0.0132,206.840516379922,157559
117,signed,1,FALSE,TRUE,FALSE,FALSE,none,cor,5,FALSE,1,637,637,12892,15,87,75,36,0.016,185.974413377061,62,43,37,0.0118,193.975136080722,157559
118,signed,1,FALSE,TRUE,FALSE,FALSE,none,cor,6,FALSE,1,635,635,12892,16,87,81,36,0.017,180.314871032998,64,40,39,0.0126,199.504329106787,157559
119,signed,1,FALSE,TRUE,FALSE,FALSE,none,cor,7,FALSE,1,594,594,12892,17,84,76,37,0.0163,176.690875535574,67,39,43,0.0114,225.028023425409,157559
11,signed,1,FALSE,FALSE,FALSE,FALSE,none,cor,11,FALSE,1,629,629,12892,16,72,61,24,0.0142,169.547772589607,59,40,37,0.015,167.24486297244,157559
120,signed,1,FALSE,TRUE,FALSE,FALSE,none,cor,8,FALSE,1,626,626,12892,16,75,71,34,0.0153,175.604817104481,62,40,37,0.0121,219.916077904556,157559
121,signed,1,FALSE,TRUE,FALSE,FALSE,none,cor,9,FALSE,1,630,630,12892,16,80,74,36,0.0131,183.53581043552,67,43,41,0.0149,214.942764296103,157559
122,signed,1,FALSE,TRUE,FALSE,FALSE,none,cor,10,FALSE,1,644,644,12892,16,80,77,34,0.0147,181.604748728124,64,38,40,0.0119,214.679306683781,157559
123,signed,1,FALSE,TRUE,FALSE,FALSE,none,cor,11,FALSE,1,643,643,12892,16,92,86,38,0.0171,209.720771420715,74,43,44,0.0123,231.42956668052,157559
124,signed,1,FALSE,TRUE,FALSE,FALSE,none,cor,12,FALSE,1,657,657,12892,16,68,66,30,0.0154,151.022449114606,65,40,41,0.0121,224.478770657121,157559
125,signed,1,FALSE,TRUE,FALSE,FALSE,none,cor,13,FALSE,1,643,643,12892,16,81,78,34,0.0147,190.771713191776,63,37,37,0.0122,213.08787722675,157559
126,signed,1,FALSE,TRUE,FALSE,FALSE,none,cor,14,FALSE,1,622,622,12892,16,101,82,39,0.0146,222.181535501197,69,41,42,0.0153,211.068729080936,157559
127,signed,1,FALSE,TRUE,FALSE,FALSE,none,bicor,1,FALSE,1,621,621,12892,16,69,64,27,0.0181,149.586502001958,61,37,37,0.0126,186.15273957812,157559
128,signed,1,FALSE,TRUE,FALSE,FALSE,none,bicor,2,FALSE,1,632,632,12892,16,103,78,39,0.0136,225.907097470812,65,44,42,0.01,217.870187518647,157559
129,signed,1,FALSE,TRUE,FALSE,FALSE,none,bicor,3,FALSE,1,616,616,12892,16,83,69,30,0.0148,191.385638188247,60,43,35,0.0137,198.653686009791,157559
12,signed,1,FALSE,FALSE,FALSE,FALSE,none,cor,12,FALSE,1,626,626,12892,16,71,60,28,0.0184,148.08205565266,57,39,32,0.0152,164.870110838007,157559
130,signed,1,FALSE,TRUE,FALSE,FALSE,none,bicor,4,FALSE,1,626,626,12892,16,87,66,35,0.0143,195.467685344071,60,40,36,0.0122,203.501729875903,157559
131,signed,1,FALSE,TRUE,FALSE,FALSE,none,bicor,5,FALSE,1,623,623,12892,16,68,63,27,0.0143,158.882387089922,57,40,35,0.0128,184.88615475901,157559
132,signed,1,FALSE,TRUE,FALSE,FALSE,none,bicor,6,FALSE,1,624,624,12892,16,96,81,33,0.0149,209.943093484411,54,39,33,0.0129,181.373462431164,157559
133,signed,1,FALSE,TRUE,FALSE,FALSE,none,bicor,7,FALSE,1,639,639,12892,15,98,89,36,0.0154,210.156111259273,58,38,37,0.0099,192.375987278796,157559
134,signed,1,FALSE,TRUE,FALSE,FALSE,none,bicor,8,FALSE,1,636,636,12892,16,79,68,34,0.0176,171.955982178316,58,34,38,0.0095,197.678606944571,157559
135,signed,1,FALSE,TRUE,FALSE,FALSE,none,bicor,9,FALSE,1,629,629,12892,16,79,70,31,0.0181,162.561548081457,66,38,39,0.0124,196.985196944728,157559
136,signed,1,FALSE,TRUE,FALSE,FALSE,none,bicor,10,FALSE,1,620,620,12892,17,70,66,29,0.016,148.28258115285,52,36,35,0.0102,169.991081234508,157559
137,signed,1,FALSE,TRUE,FALSE,FALSE,none,bicor,11,FALSE,1,647,647,12892,16,86,75,34,0.0149,187.769700919776,59,41,36,0.0123,189.988095658839,157559
138,signed,1,FALSE,TRUE,FALSE,FALSE,none,bicor,12,FALSE,1,604,604,12892,17,66,60,25,0.0121,162.07100419843,68,46,37,0.0114,211.288934391256,157559
139,signed,1,FALSE,TRUE,FALSE,FALSE,none,bicor,13,FALSE,1,622,622,12892,16,69,63,29,0.0135,165.282790190069,47,34,33,0.0112,156.38432018203,157559
13,signed,1,FALSE,FALSE,FALSE,FALSE,none,cor,13,FALSE,1,624,624,12892,16,70,61,25,0.0167,147.041657254934,49,31,35,0.0154,135.936120016009,157559
140,signed,1,FALSE,TRUE,FALSE,FALSE,none,bicor,14,FALSE,1,620,620,12892,16,65,59,25,0.0146,146.309733558307,54,35,34,0.0095,182.553785113207,157559
141,signed,1,FALSE,TRUE,FALSE,FALSE,none,spearman,1,FALSE,1,636,636,12892,17,88,79,31,0.0142,224.525078610944,54,34,33,0.0112,203.491150694795,157559
142,signed,1,FALSE,TRUE,FALSE,FALSE,none,spearman,2,FALSE,1,612,612,12892,17,76,62,30,0.0134,185.991650576958,56,30,29,0.0114,198.359872730432,157559
143,signed,1,FALSE,TRUE,FALSE,FALSE,none,spearman,3,FALSE,1,627,627,12892,16,92,73,31,0.0169,225.102984878906,48,28,31,0.0093,170.944976906794,157559
144,signed,1,FALSE,TRUE,FALSE,FALSE,none,spearman,4,FALSE,1,622,622,12892,17,84,67,31,0.017,206.169502225872,45,27,28,0.0083,171.016507388288,157559
145,signed,1,FALSE,TRUE,FALSE,FALSE,none,spearman,5,FALSE,1,626,626,12892,17,83,70,28,0.0152,204.837479921529,50,27,33,0.0081,172.145009095538,157559
146,signed,1,FALSE,TRUE,FALSE,FALSE,none,spearman,6,FALSE,1,625,625,12892,16,87,77,31,0.0174,212.871302780587,57,37,32,0.0113,179.422372627778,157559
147,signed,1,FALSE,TRUE,FALSE,FALSE,none,spearman,7,FALSE,1,637,637,12892,16,66,64,22,0.0166,164.263867526561,54,33,30,0.0097,186.023406875467,157559
148,signed,1,FALSE,TRUE,FALSE,FALSE,none,spearman,8,FALSE,1,638,638,12892,16,56,54,22,0.0176,136.654639680445,55,34,30,0.0109,179.100047024828,157559
149,signed,1,FALSE,TRUE,FALSE,FALSE,none,spearman,9,FALSE,1,654,654,12892,15,63,58,28,0.0151,154.690111539776,56,39,31,0.0105,184.551203305652,157559
14,signed,1,FALSE,FALSE,FALSE,FALSE,none,cor,14,FALSE,1,638,638,12892,16,70,59,26,0.0153,153.541049749695,42,27,33,0.0119,132.279929749275,157559
150,signed,1,FALSE,TRUE,FALSE,FALSE,none,spearman,10,FALSE,1,632,632,12892,16,60,54,27,0.0124,152.113582177571,62,34,32,0.0113,191.236411042623,157559
151,signed,1,FALSE,TRUE,FALSE,FALSE,none,spearman,11,FALSE,1,631,631,12892,16,67,60,27,0.0142,170.415380906527,51,33,28,0.0102,153.656946170411,157559
152,signed,1,FALSE,TRUE,FALSE,FALSE,none,spearman,12,FALSE,1,632,632,12892,16,57,53,26,0.0148,132.420227634813,47,33,29,0.0097,158.626682121978,157559
153,signed,1,FALSE,TRUE,FALSE,FALSE,none,spearman,13,FALSE,1,624,624,12892,17,52,47,24,0.0169,117.409472771542,56,37,36,0.0132,170.333075779584,157559
154,signed,1,FALSE,TRUE,FALSE,FALSE,none,spearman,14,FALSE,1,639,639,12892,16,46,39,23,0.016,98.265521828891,62,40,33,0.0124,194.216659521016,157559
155,signed,1,FALSE,TRUE,FALSE,FALSE,none,cor-dist,1,FALSE,1,640,640,12892,16,106,88,34,0.0155,247.005068364902,42,32,28,0.0086,141.006548128625,157559
156,signed,1,FALSE,TRUE,FALSE,FALSE,none,cor-dist,2,FALSE,1,647,647,12892,16,97,78,33,0.0145,218.743313137976,47,34,29,0.0116,149.584723459391,157559
157,signed,1,FALSE,TRUE,FALSE,FALSE,none,cor-dist,3,FALSE,1,628,628,12892,17,112,84,34,0.0175,245.339885414751,43,30,28,0.0107,140.944591344287,157559
158,signed,1,FALSE,TRUE,FALSE,FALSE,none,cor-dist,4,FALSE,1,621,621,12892,17,108,90,39,0.0181,241.623400059865,37,27,27,0.0115,123.886357347963,157559
159,signed,1,FALSE,TRUE,FALSE,FALSE,none,cor-dist,5,FALSE,1,610,610,12892,17,87,71,35,0.0172,191.16579036432,39,27,27,0.0104,131.735929871882,157559
15,signed,1,FALSE,FALSE,FALSE,FALSE,none,bicor,1,FALSE,1,636,636,12892,16,87,70,30,0.0113,223.958358827263,41,28,28,0.0164,125.525106495787,157559
160,signed,1,FALSE,TRUE,FALSE,FALSE,none,cor-dist,6,FALSE,1,650,650,12892,16,94,82,34,0.0149,220.244950135461,53,37,27,0.0131,159.278961840497,157559
161,signed,1,FALSE,TRUE,FALSE,FALSE,none,cor-dist,7,FALSE,1,640,640,12892,16,83,73,37,0.0147,195.803396867578,48,33,31,0.0099,158.02457047256,157559
162,signed,1,FALSE,TRUE,FALSE,FALSE,none,cor-dist,8,FALSE,1,622,622,12892,16,82,72,37,0.0116,212.113810439645,55,35,32,0.0119,174.388707853139,157559
163,signed,1,FALSE,TRUE,FALSE,FALSE,none,cor-dist,9,FALSE,1,603,603,12892,16,99,89,41,0.0143,232.81387188665,44,29,29,0.0107,149.402771639338,157559
164,signed,1,FALSE,TRUE,FALSE,FALSE,none,cor-dist,10,FALSE,1,604,604,12892,16,107,90,45,0.0168,237.614603063663,49,32,33,0.0105,161.110347097868,157559
165,signed,1,FALSE,TRUE,FALSE,FALSE,none,cor-dist,11,FALSE,1,612,612,12892,16,94,73,35,0.0155,211.234396341666,51,35,33,0.0112,156.709125583381,157559
166,signed,1,FALSE,TRUE,FALSE,FALSE,none,cor-dist,12,FALSE,1,636,636,12892,16,95,77,37,0.0153,216.81058173231,49,32,34,0.0105,159.213244281593,157559
167,signed,1,FALSE,TRUE,FALSE,FALSE,none,cor-dist,13,FALSE,1,637,637,12892,16,94,79,33,0.0154,209.226856622513,44,30,33,0.0099,151.261506642728,157559
168,signed,1,FALSE,TRUE,FALSE,FALSE,none,cor-dist,14,FALSE,1,623,623,12892,16,93,76,34,0.0152,211.590093306086,44,29,35,0.0096,145.197448323431,157559
169,signed,1,FALSE,TRUE,FALSE,TRUE,none,cor,1,FALSE,1,631,631,12892,16,71,55,26,0.0115,170.490111007102,53,34,34,0.0107,187.915059500481,157559
16,signed,1,FALSE,FALSE,FALSE,FALSE,none,bicor,2,FALSE,1,632,632,12892,16,84,76,25,0.01,221.219511832777,48,34,33,0.0177,138.265370534717,157559
170,signed,1,FALSE,TRUE,FALSE,TRUE,none,cor,2,FALSE,1,665,665,12892,16,71,60,29,0.0205,132.929230675087,60,42,35,0.0104,207.279226062382,157559
171,signed,1,FALSE,TRUE,FALSE,TRUE,none,cor,3,FALSE,1,644,644,12892,16,48,42,17,0.0146,115.258639775189,59,36,33,0.0113,194.872448524571,157559
172,signed,1,FALSE,TRUE,FALSE,TRUE,none,cor,4,FALSE,1,636,636,12892,16,72,66,29,0.0161,170.560000269166,56,35,33,0.0131,188.276561713237,157559
173,signed,1,FALSE,TRUE,FALSE,TRUE,none,cor,5,FALSE,1,620,620,12892,16,62,51,23,0.0144,145.255258254599,39,27,30,0.0094,139.947987881167,157559
174,signed,1,FALSE,TRUE,FALSE,TRUE,none,cor,6,FALSE,1,640,640,12892,16,78,71,25,0.0167,187.729948664463,46,33,36,0.0104,158.18220473584,157559
175,signed,1,FALSE,TRUE,FALSE,TRUE,none,cor,7,FALSE,1,643,643,12892,16,58,56,25,0.0121,149.646763938248,54,37,40,0.0124,163.97314673212,157559
176,signed,1,FALSE,TRUE,FALSE,TRUE,none,cor,8,FALSE,1,644,644,12892,16,62,56,24,0.0145,164.503863990891,58,41,39,0.0108,178.60685006015,157559
177,signed,1,FALSE,TRUE,FALSE,TRUE,none,cor,9,FALSE,1,632,632,12892,16,57,51,23,0.0157,132.46107550064,68,51,45,0.0125,207.703550538246,157559
178,signed,1,FALSE,TRUE,FALSE,TRUE,none,cor,10,FALSE,1,612,612,12892,16,78,66,29,0.0155,188.30029183179,51,38,39,0.012,148.912287360999,157559
179,signed,1,FALSE,TRUE,FALSE,TRUE,none,cor,11,FALSE,1,638,638,12892,16,59,49,24,0.0118,139.611886503814,53,39,36,0.0136,168.811683462168,157559
17,signed,1,FALSE,FALSE,FALSE,FALSE,none,bicor,3,FALSE,1,649,649,12892,16,77,72,24,0.0104,204.516506403661,42,27,27,0.0167,129.700050175018,157559
180,signed,1,FALSE,TRUE,FALSE,TRUE,none,cor,12,FALSE,1,613,613,12892,16,54,47,24,0.0132,123.969638690105,47,34,32,0.0125,150.34030995999,157559
181,signed,1,FALSE,TRUE,FALSE,TRUE,none,cor,13,FALSE,1,630,630,12892,16,65,54,25,0.0127,167.540145196856,57,43,35,0.0117,173.608408741057,157559
182,signed,1,FALSE,TRUE,FALSE,TRUE,none,cor,14,FALSE,1,643,643,12892,16,72,58,27,0.0142,169.946885251941,64,42,38,0.0129,193.608586370665,157559
183,signed,1,FALSE,TRUE,FALSE,TRUE,none,bicor,1,FALSE,1,613,613,12892,16,65,61,34,0.0143,166.368610480771,50,39,33,0.0138,168.296362661365,157559
184,signed,1,FALSE,TRUE,FALSE,TRUE,none,bicor,2,FALSE,1,633,633,12892,17,70,64,30,0.0157,168.377659050704,56,41,36,0.0126,200.620596661384,157559
185,signed,1,FALSE,TRUE,FALSE,TRUE,none,bicor,3,FALSE,1,641,641,12892,16,67,62,30,0.0131,171.273492344495,54,38,37,0.0155,178.977809476153,157559
186,signed,1,FALSE,TRUE,FALSE,TRUE,none,bicor,4,FALSE,1,640,640,12892,16,60,53,29,0.0164,142.599077795002,52,36,39,0.0127,183.613447544171,157559
187,signed,1,FALSE,TRUE,FALSE,TRUE,none,bicor,5,FALSE,1,638,638,12892,16,67,60,32,0.0144,178.155615799189,57,39,39,0.0163,186.355523620334,157559
188,signed,1,FALSE,TRUE,FALSE,TRUE,none,bicor,6,FALSE,1,627,627,12892,17,65,60,29,0.0129,173.568546641126,50,33,37,0.011,184.285102830163,157559
189,signed,1,FALSE,TRUE,FALSE,TRUE,none,bicor,7,FALSE,1,638,638,12892,16,67,62,28,0.0145,160.456601324633,58,39,37,0.015,180.067223036136,157559
18,signed,1,FALSE,FALSE,FALSE,FALSE,none,bicor,4,FALSE,1,627,627,12892,16,90,84,27,0.0098,239.340927713369,47,30,27,0.0156,150.167330998577,157559
190,signed,1,FALSE,TRUE,FALSE,TRUE,none,bicor,8,FALSE,1,628,628,12892,16,70,60,28,0.0129,163.23360538097,50,35,35,0.0103,180.489891355935,157559
191,signed,1,FALSE,TRUE,FALSE,TRUE,none,bicor,9,FALSE,1,626,626,12892,16,49,48,21,0.0137,119.582147831483,58,40,38,0.0124,190.499605380548,157559
192,signed,1,FALSE,TRUE,FALSE,TRUE,none,bicor,10,FALSE,1,629,629,12892,17,51,50,23,0.0163,115.033001195778,49,34,33,0.0147,159.512532953645,157559
193,signed,1,FALSE,TRUE,FALSE,TRUE,none,bicor,11,FALSE,1,623,623,12892,16,54,52,25,0.0129,121.638232310413,63,42,44,0.0158,188.248931924343,157559
194,signed,1,FALSE,TRUE,FALSE,TRUE,none,bicor,12,FALSE,1,613,613,12892,17,61,56,25,0.0117,145.867333491465,61,40,39,0.0139,193.54719472796,157559
195,signed,1,FALSE,TRUE,FALSE,TRUE,none,bicor,13,FALSE,1,594,594,12892,16,64,58,26,0.0128,157.004026313825,55,37,36,0.0123,198.759133007274,157559
196,signed,1,FALSE,TRUE,FALSE,TRUE,none,bicor,14,FALSE,1,619,619,12892,16,57,55,25,0.0129,135.801829548036,48,33,31,0.0156,164.065580028913,157559
197,signed,1,FALSE,TRUE,FALSE,TRUE,none,spearman,1,FALSE,1,600,600,12892,17,75,64,32,0.0186,176.451750208874,50,33,35,0.016,143.963125898791,157559
198,signed,1,FALSE,TRUE,FALSE,TRUE,none,spearman,2,FALSE,1,636,636,12892,16,71,63,29,0.0151,164.306924751807,51,34,36,0.0106,161.501951777537,157559
199,signed,1,FALSE,TRUE,FALSE,TRUE,none,spearman,3,FALSE,1,604,604,12892,16,77,64,28,0.0175,168.238463489187,56,35,34,0.014,155.564465798508,157559
19,signed,1,FALSE,FALSE,FALSE,FALSE,none,bicor,5,FALSE,1,616,616,12892,16,62,60,22,0.0083,168.941543484567,39,28,24,0.0134,137.02894049466,157559
1,signed,1,FALSE,FALSE,FALSE,FALSE,none,cor,1,FALSE,1,614,614,12892,16,71,59,27,0.0181,155.945129883284,52,34,34,0.0167,143.804714853611,157559
200,signed,1,FALSE,TRUE,FALSE,TRUE,none,spearman,4,FALSE,1,644,644,12892,16,69,56,25,0.0122,178.303224552874,57,35,38,0.0163,175.319241457585,157559
201,signed,1,FALSE,TRUE,FALSE,TRUE,none,spearman,5,FALSE,1,635,635,12892,16,79,67,27,0.015,198.662912117241,62,41,39,0.0154,176.467925151684,157559
202,signed,1,FALSE,TRUE,FALSE,TRUE,none,spearman,6,FALSE,1,641,641,12892,16,57,51,22,0.0094,162.225729243501,65,42,37,0.0144,176.674322463501,157559
203,signed,1,FALSE,TRUE,FALSE,TRUE,none,spearman,7,FALSE,1,639,639,12892,16,63,56,27,0.0125,158.698542725625,55,40,32,0.0136,158.784794911829,157559
204,signed,1,FALSE,TRUE,FALSE,TRUE,none,spearman,8,FALSE,1,640,640,12892,16,65,53,26,0.014,149.389379699539,55,39,31,0.0179,157.57305991944,157559
205,signed,1,FALSE,TRUE,FALSE,TRUE,none,spearman,9,FALSE,1,627,627,12892,16,60,51,24,0.014,136.605042354063,66,42,35,0.0163,183.724950279085,157559
206,signed,1,FALSE,TRUE,FALSE,TRUE,none,spearman,10,FALSE,1,615,615,12892,17,68,56,29,0.0136,163.870996617143,67,45,39,0.0137,196.062804662636,157559
207,signed,1,FALSE,TRUE,FALSE,TRUE,none,spearman,11,FALSE,1,631,631,12892,16,62,56,28,0.0179,127.96306576044,58,37,39,0.012,180.139231346404,157559
208,signed,1,FALSE,TRUE,FALSE,TRUE,none,spearman,12,FALSE,1,637,637,12892,17,69,60,26,0.0155,153.327903266551,59,41,35,0.016,183.640471302702,157559
209,signed,1,FALSE,TRUE,FALSE,TRUE,none,spearman,13,FALSE,1,623,623,12892,16,67,53,28,0.0145,152.696529962824,56,38,38,0.0143,183.775381926046,157559
20,signed,1,FALSE,FALSE,FALSE,FALSE,none,bicor,6,FALSE,1,627,627,12892,16,80,77,26,0.0136,200.186874172472,46,33,32,0.011,146.96400425798,157559
210,signed,1,FALSE,TRUE,FALSE,TRUE,none,spearman,14,FALSE,1,623,623,12892,16,81,69,31,0.013,197.741022339613,62,41,38,0.0168,199.742243698912,157559
211,signed,1,FALSE,TRUE,FALSE,TRUE,none,cor-dist,1,FALSE,1,607,607,12892,17,71,59,26,0.0147,143.688597859841,52,34,31,0.0124,177.635668227124,157559
212,signed,1,FALSE,TRUE,FALSE,TRUE,none,cor-dist,2,FALSE,1,574,574,12892,17,95,75,36,0.0158,195.906072764611,65,44,41,0.0144,203.221151696615,157559
213,signed,1,FALSE,TRUE,FALSE,TRUE,none,cor-dist,3,FALSE,1,617,617,12892,16,80,74,32,0.0144,170.484318610193,55,38,35,0.0151,175.528833353943,157559
214,signed,1,FALSE,TRUE,FALSE,TRUE,none,cor-dist,4,FALSE,1,630,630,12892,16,84,76,29,0.015,188.327384547775,53,35,31,0.0119,197.148605666332,157559
215,signed,1,FALSE,TRUE,FALSE,TRUE,none,cor-dist,5,FALSE,1,608,608,12892,16,77,60,27,0.0138,166.224131069725,52,32,30,0.0138,185.942281630009,157559
216,signed,1,FALSE,TRUE,FALSE,TRUE,none,cor-dist,6,FALSE,1,640,640,12892,16,77,60,26,0.0148,162.178255340595,54,40,34,0.0137,187.855788428879,157559
217,signed,1,FALSE,TRUE,FALSE,TRUE,none,cor-dist,7,FALSE,1,649,649,12892,16,76,57,27,0.0204,145.452207871939,62,41,37,0.0163,189.988049260021,157559
218,signed,1,FALSE,TRUE,FALSE,TRUE,none,cor-dist,8,FALSE,1,625,625,12892,16,69,50,24,0.0212,132.359296873343,54,33,31,0.0121,186.638122682044,157559
219,signed,1,FALSE,TRUE,FALSE,TRUE,none,cor-dist,9,FALSE,1,637,637,12892,16,58,49,22,0.0168,116.106525408461,66,42,35,0.0112,203.370876236412,157559
21,signed,1,FALSE,FALSE,FALSE,FALSE,none,bicor,7,FALSE,1,641,641,12892,16,91,83,30,0.0133,228.233698944783,52,32,35,0.0145,147.364882513848,157559
220,signed,1,FALSE,TRUE,FALSE,TRUE,none,cor-dist,10,FALSE,1,635,635,12892,16,35,33,19,0.0215,64.1779555067362,55,40,35,0.011,184.22447798515,157559
221,signed,1,FALSE,TRUE,FALSE,TRUE,none,cor-dist,11,FALSE,1,641,641,12892,16,54,50,24,0.0118,121.089304715855,60,39,32,0.0123,192.582235761045,157559
222,signed,1,FALSE,TRUE,FALSE,TRUE,none,cor-dist,12,FALSE,1,645,645,12892,16,71,65,29,0.0138,161.304661282885,64,42,31,0.0151,190.790283508125,157559
223,signed,1,FALSE,TRUE,FALSE,TRUE,none,cor-dist,13,FALSE,1,631,631,12892,16,65,62,25,0.0166,139.48579796088,57,40,31,0.0147,193.922371534347,157559
224,signed,1,FALSE,TRUE,FALSE,TRUE,none,cor-dist,14,FALSE,1,619,619,12892,16,53,52,25,0.0135,112.782654813769,56,42,33,0.0125,188.975073606633,157559
225,signed,1,TRUE,FALSE,FALSE,FALSE,none,cor,1,FALSE,1,637,637,12892,16,75,65,25,0.0123,200.889350621787,42,32,29,0.0142,141.576540357216,157559
226,signed,1,TRUE,FALSE,FALSE,FALSE,none,cor,2,FALSE,1,614,614,12892,17,74,65,27,0.0141,182.916149234715,43,30,26,0.0103,171.125459922958,157559
227,signed,1,TRUE,FALSE,FALSE,FALSE,none,cor,3,FALSE,1,629,629,12892,16,72,63,26,0.0118,178.565713864531,51,36,37,0.0155,167.89850515902,157559
228,signed,1,TRUE,FALSE,FALSE,FALSE,none,cor,4,FALSE,1,619,619,12892,16,84,76,26,0.0161,206.980185131803,49,31,29,0.0136,186.439319007732,157559
229,signed,1,TRUE,FALSE,FALSE,FALSE,none,cor,5,FALSE,1,611,611,12892,16,66,57,23,0.012,161.609085274882,42,29,27,0.0123,166.227063045668,157559
22,signed,1,FALSE,FALSE,FALSE,FALSE,none,bicor,8,FALSE,1,625,625,12892,17,70,66,25,0.0128,173.478073907632,50,31,33,0.0113,157.982454672995,157559
230,signed,1,TRUE,FALSE,FALSE,FALSE,none,cor,6,FALSE,1,628,628,12892,16,76,59,27,0.0132,176.712773925341,58,38,33,0.0135,195.720887493253,157559
231,signed,1,TRUE,FALSE,FALSE,FALSE,none,cor,7,FALSE,1,617,617,12892,16,72,55,24,0.0103,181.088058202868,45,33,31,0.0129,157.371675341296,157559
232,signed,1,TRUE,FALSE,FALSE,FALSE,none,cor,8,FALSE,1,631,631,12892,16,66,53,22,0.0102,176.647433416765,42,34,30,0.0168,150.253528988784,157559
233,signed,1,TRUE,FALSE,FALSE,FALSE,none,cor,9,FALSE,1,625,625,12892,16,70,58,27,0.0116,172.534375426277,51,33,33,0.0189,160.25975351551,157559
234,signed,1,TRUE,FALSE,FALSE,FALSE,none,cor,10,FALSE,1,630,630,12892,16,82,63,26,0.0126,203.173377804945,42,30,31,0.0128,141.246927387345,157559
235,signed,1,TRUE,FALSE,FALSE,FALSE,none,cor,11,FALSE,1,633,633,12892,16,67,51,26,0.0126,208.144631900999,48,30,33,0.0154,160.8646714067,157559
236,signed,1,TRUE,FALSE,FALSE,FALSE,none,cor,12,FALSE,1,639,639,12892,16,77,61,26,0.0123,239.760888635119,51,31,37,0.0102,170.814149693827,157559
237,signed,1,TRUE,FALSE,FALSE,FALSE,none,cor,13,FALSE,1,642,642,12892,16,80,66,27,0.012,186.467629049319,48,34,32,0.0126,166.863033439564,157559
238,signed,1,TRUE,FALSE,FALSE,FALSE,none,cor,14,FALSE,1,630,630,12892,16,81,61,25,0.0097,212.868930198954,49,31,34,0.0137,168.984810473081,157559
239,signed,1,TRUE,FALSE,FALSE,FALSE,none,bicor,1,FALSE,1,624,624,12892,17,47,43,17,0.0211,100.476190482251,41,26,29,0.0103,151.843434762426,157559
23,signed,1,FALSE,FALSE,FALSE,FALSE,none,bicor,9,FALSE,1,638,638,12892,16,64,58,23,0.0118,154.698953774411,61,42,35,0.0168,181.022442967764,157559
240,signed,1,TRUE,FALSE,FALSE,FALSE,none,bicor,2,FALSE,1,616,616,12892,16.5,49,45,20,0.0186,114.962149054951,46,30,26,0.0144,157.499774944969,157559
241,signed,1,TRUE,FALSE,FALSE,FALSE,none,bicor,3,FALSE,1,646,646,12892,16,53,49,21,0.0181,117.422589106685,41,26,27,0.0114,138.932931644567,157559
242,signed,1,TRUE,FALSE,FALSE,FALSE,none,bicor,4,FALSE,1,642,642,12892,16,60,57,19,0.0153,139.021014505916,47,35,29,0.0146,149.661004768619,157559
243,signed,1,TRUE,FALSE,FALSE,FALSE,none,bicor,5,FALSE,1,643,643,12892,16,60,55,20,0.0206,119.044028598395,55,34,37,0.0134,167.750234703053,157559
244,signed,1,TRUE,FALSE,FALSE,FALSE,none,bicor,6,FALSE,1,616,616,12892,17,60,57,22,0.0192,128.490968362353,50,31,33,0.0151,158.264321464609,157559
245,signed,1,TRUE,FALSE,FALSE,FALSE,none,bicor,7,FALSE,1,647,647,12892,16,74,69,24,0.0127,218.852257751901,55,37,33,0.0115,165.045852580794,157559
246,signed,1,TRUE,FALSE,FALSE,FALSE,none,bicor,8,FALSE,1,635,635,12892,16,56,47,19,0.0177,150.13849615866,46,34,31,0.0121,157.307284552115,157559
247,signed,1,TRUE,FALSE,FALSE,FALSE,none,bicor,9,FALSE,1,648,648,12892,16,69,57,25,0.0187,161.83200425944,44,32,30,0.0099,172.150236158426,157559
248,signed,1,TRUE,FALSE,FALSE,FALSE,none,bicor,10,FALSE,1,652,652,12892,16,57,48,19,0.0148,143.481750357164,55,35,35,0.0113,184.450129486056,157559
249,signed,1,TRUE,FALSE,FALSE,FALSE,none,bicor,11,FALSE,1,620,620,12892,16,65,53,25,0.0132,167.97740515885,41,28,26,0.0115,137.78955853477,157559
24,signed,1,FALSE,FALSE,FALSE,FALSE,none,bicor,10,FALSE,1,661,661,12892,16,77,71,24,0.0108,205.124394293505,57,36,38,0.014,171.6607749009,157559
250,signed,1,TRUE,FALSE,FALSE,FALSE,none,bicor,12,FALSE,1,608,608,12892,17,54,44,22,0.0131,146.929893145032,51,31,33,0.0128,162.797464425028,157559
251,signed,1,TRUE,FALSE,FALSE,FALSE,none,bicor,13,FALSE,1,611,611,12892,16,59,52,24,0.0127,159.874892164979,52,37,33,0.0128,164.272907681914,157559
252,signed,1,TRUE,FALSE,FALSE,FALSE,none,bicor,14,FALSE,1,619,619,12892,16,59,50,24,0.0176,152.865320199783,47,30,29,0.0093,162.221612569886,157559
253,signed,1,TRUE,FALSE,FALSE,FALSE,none,spearman,1,FALSE,1,637,637,12892,16,79,76,29,0.0141,189.28321801138,54,34,30,0.0122,168.267989230788,157559
254,signed,1,TRUE,FALSE,FALSE,FALSE,none,spearman,2,FALSE,1,625,625,12892,16,65,60,26,0.0132,152.946624031422,59,40,36,0.0125,185.34402585752,157559
255,signed,1,TRUE,FALSE,FALSE,FALSE,none,spearman,3,FALSE,1,639,639,12892,16,60,57,22,0.012,145.775375233432,67,40,39,0.0153,198.239858999821,157559
256,signed,1,TRUE,FALSE,FALSE,FALSE,none,spearman,4,FALSE,1,627,627,12892,16,57,54,24,0.0122,146.082768068689,64,44,38,0.0128,202.673576285175,157559
257,signed,1,TRUE,FALSE,FALSE,FALSE,none,spearman,5,FALSE,1,612,612,12892,17,81,77,28,0.0129,187.53024592777,62,44,35,0.0146,200.106166096881,157559
258,signed,1,TRUE,FALSE,FALSE,FALSE,none,spearman,6,FALSE,1,636,636,12892,16,71,64,21,0.0175,146.111427447732,57,41,39,0.0153,184.005517997723,157559
259,signed,1,TRUE,FALSE,FALSE,FALSE,none,spearman,7,FALSE,1,632,632,12892,16,64,60,24,0.0116,151.404593221091,45,32,30,0.0134,146.88082643692,157559
25,signed,1,FALSE,FALSE,FALSE,FALSE,none,bicor,11,FALSE,1,633,633,12892,16,99,87,32,0.0105,277.219880800002,50,35,32,0.011,160.316078310259,157559
260,signed,1,TRUE,FALSE,FALSE,FALSE,none,spearman,8,FALSE,1,635,635,12892,16,72,65,21,0.0135,224.140712264318,44,32,34,0.0135,153.849764783381,157559
261,signed,1,TRUE,FALSE,FALSE,FALSE,none,spearman,9,FALSE,1,641,641,12892,16,88,75,31,0.0156,221.628035241006,63,42,39,0.0165,189.928804719166,157559
262,signed,1,TRUE,FALSE,FALSE,FALSE,none,spearman,10,FALSE,1,619,619,12892,16,64,62,28,0.016,157.147459952831,53,34,37,0.0124,177.199704774348,157559
263,signed,1,TRUE,FALSE,FALSE,FALSE,none,spearman,11,FALSE,1,620,620,12892,16,69,65,27,0.014,156.211683026621,55,39,37,0.0148,179.010500930694,157559
264,signed,1,TRUE,FALSE,FALSE,FALSE,none,spearman,12,FALSE,1,626,626,12892,16,62,56,25,0.0126,144.862862303741,56,36,34,0.0141,180.754857238083,157559
265,signed,1,TRUE,FALSE,FALSE,FALSE,none,spearman,13,FALSE,1,620,620,12892,17,72,69,26,0.014,166.4850803531,48,37,30,0.012,167.622089126401,157559
266,signed,1,TRUE,FALSE,FALSE,FALSE,none,spearman,14,FALSE,1,636,636,12892,16,60,58,24,0.0128,134.260866937582,50,35,33,0.0126,168.986391767382,157559
267,signed,1,TRUE,FALSE,FALSE,FALSE,none,cor-dist,1,FALSE,1,613,613,12892,17,75,66,28,0.0144,165.760591978769,52,34,32,0.0135,167.695826096256,157559
268,signed,1,TRUE,FALSE,FALSE,FALSE,none,cor-dist,2,FALSE,1,605,605,12892,17,80,68,24,0.017,181.687331746798,56,33,35,0.0106,186.337825035213,157559
269,signed,1,TRUE,FALSE,FALSE,FALSE,none,cor-dist,3,FALSE,1,634,634,12892,16,80,69,25,0.016,170.890362860222,60,41,32,0.0117,180.432838000917,157559
26,signed,1,FALSE,FALSE,FALSE,FALSE,none,bicor,12,FALSE,1,623,623,12892,16,77,70,30,0.0146,179.96928549752,49,36,32,0.0148,154.236457683748,157559
270,signed,1,TRUE,FALSE,FALSE,FALSE,none,cor-dist,4,FALSE,1,611,611,12892,16,70,60,26,0.0166,149.082193445924,56,35,30,0.0129,180.303779231164,157559
271,signed,1,TRUE,FALSE,FALSE,FALSE,none,cor-dist,5,FALSE,1,619,619,12892,17,55,47,25,0.0133,128.736605284917,54,37,30,0.0162,161.387237450451,157559
272,signed,1,TRUE,FALSE,FALSE,FALSE,none,cor-dist,6,FALSE,1,623,623,12892,17,79,73,29,0.0119,204.860837917289,65,39,35,0.0147,181.362472205097,157559
273,signed,1,TRUE,FALSE,FALSE,FALSE,none,cor-dist,7,FALSE,1,630,630,12892,17,68,58,26,0.0162,157.421944753249,54,35,30,0.014,171.021925838379,157559
274,signed,1,TRUE,FALSE,FALSE,FALSE,none,cor-dist,8,FALSE,1,603,603,12892,16,65,58,24,0.0146,160.537419911465,44,29,29,0.0124,159.472243590356,157559
275,signed,1,TRUE,FALSE,FALSE,FALSE,none,cor-dist,9,FALSE,1,614,614,12892,16,77,69,28,0.0153,171.450208500523,44,27,30,0.0118,155.012641772307,157559
276,signed,1,TRUE,FALSE,FALSE,FALSE,none,cor-dist,10,FALSE,1,609,609,12892,17,71,64,28,0.0137,156.715092613928,52,32,31,0.0131,157.642818272966,157559
277,signed,1,TRUE,FALSE,FALSE,FALSE,none,cor-dist,11,FALSE,1,605,605,12892,17,61,58,23,0.0111,150.927248267803,54,37,33,0.0153,155.561940210736,157559
278,signed,1,TRUE,FALSE,FALSE,FALSE,none,cor-dist,12,FALSE,1,607,607,12892,16,84,71,26,0.012,198.345507983354,44,32,32,0.014,146.566781047952,157559
279,signed,1,TRUE,FALSE,FALSE,FALSE,none,cor-dist,13,FALSE,1,611,611,12892,16,102,89,33,0.0167,212.731810051551,46,32,27,0.014,136.713774564715,157559
27,signed,1,FALSE,FALSE,FALSE,FALSE,none,bicor,13,FALSE,1,629,629,12892,16,71,65,27,0.0136,174.284377696471,51,34,34,0.0137,167.249600184027,157559
280,signed,1,TRUE,FALSE,FALSE,FALSE,none,cor-dist,14,FALSE,1,627,627,12892,16,84,77,32,0.0152,191.837029778276,46,35,30,0.0123,145.33253820826,157559
281,signed,1,TRUE,FALSE,FALSE,TRUE,none,cor,1,FALSE,1,617,617,12892,16,80,70,25,0.0135,187.632108075729,51,35,34,0.0175,144.244997765525,157559
282,signed,1,TRUE,FALSE,FALSE,TRUE,none,cor,2,FALSE,1,597,597,12892,17,68,56,27,0.0121,170.266666758869,54,37,39,0.0165,148.256870263568,157559
283,signed,1,TRUE,FALSE,FALSE,TRUE,none,cor,3,FALSE,1,608,608,12892,16,73,65,29,0.0156,191.269416604333,50,36,36,0.0163,134.283799431067,157559
284,signed,1,TRUE,FALSE,FALSE,TRUE,none,cor,4,FALSE,1,627,627,12892,16,70,63,25,0.013,174.717369801727,46,31,35,0.0158,130.778680087459,157559
285,signed,1,TRUE,FALSE,FALSE,TRUE,none,cor,5,FALSE,1,633,633,12892,16,62,55,24,0.014,152.586840256605,45,32,31,0.0168,130.287283373474,157559
286,signed,1,TRUE,FALSE,FALSE,TRUE,none,cor,6,FALSE,1,628,628,12892,16,53,46,23,0.0162,116.567106779033,47,35,31,0.0165,136.122729287864,157559
287,signed,1,TRUE,FALSE,FALSE,TRUE,none,cor,7,FALSE,1,628,628,12892,16,51,43,22,0.0152,112.989556035312,42,26,28,0.0112,129.306382738107,157559
288,signed,1,TRUE,FALSE,FALSE,TRUE,none,cor,8,FALSE,1,639,639,12892,16,89,74,29,0.0161,194.566217292298,43,31,32,0.0174,114.949657895658,157559
289,signed,1,TRUE,FALSE,FALSE,TRUE,none,cor,9,FALSE,1,643,643,12892,16,82,72,27,0.0117,196.659004641558,36,30,26,0.0156,106.981134305527,157559
28,signed,1,FALSE,FALSE,FALSE,FALSE,none,bicor,14,FALSE,1,620,620,12892,16,71,63,27,0.0143,180.568858014653,49,34,36,0.0151,137.579247318497,157559
290,signed,1,TRUE,FALSE,FALSE,TRUE,none,cor,10,FALSE,1,637,637,12892,16,114,100,37,0.013,298.303261857313,46,36,30,0.0119,163.150957671242,157559
291,signed,1,TRUE,FALSE,FALSE,TRUE,none,cor,11,FALSE,1,638,638,12892,16,91,80,30,0.0105,258.776582999395,50,38,32,0.0174,159.711746562455,157559
292,signed,1,TRUE,FALSE,FALSE,TRUE,none,cor,12,FALSE,1,640,640,12892,16,96,83,32,0.0151,248.929700457977,40,30,30,0.0195,127.231853816572,157559
293,signed,1,TRUE,FALSE,FALSE,TRUE,none,cor,13,FALSE,1,624,624,12892,16,88,74,26,0.0128,227.78218914487,46,33,34,0.0161,138.794230017459,157559
294,signed,1,TRUE,FALSE,FALSE,TRUE,none,cor,14,FALSE,1,608,608,12892,16,84,72,27,0.0117,199.52348535803,41,29,31,0.0158,124.648025924142,157559
295,signed,1,TRUE,FALSE,FALSE,TRUE,none,bicor,1,FALSE,1,632,632,12892,16,67,58,28,0.0139,173.693930551682,35,27,23,0.0109,125.818525415946,157559
296,signed,1,TRUE,FALSE,FALSE,TRUE,none,bicor,2,FALSE,1,624,624,12892,16.5,68,54,21,0.013,180.571423713122,37,29,22,0.0092,128.805195027937,157559
297,signed,1,TRUE,FALSE,FALSE,TRUE,none,bicor,3,FALSE,1,626,626,12892,16.5,82,70,25,0.015,194.74045706481,47,35,31,0.0138,155.831574182579,157559
298,signed,1,TRUE,FALSE,FALSE,TRUE,none,bicor,4,FALSE,1,635,635,12892,16,78,67,28,0.0135,194.925202109871,43,28,27,0.0134,154.036065769578,157559
299,signed,1,TRUE,FALSE,FALSE,TRUE,none,bicor,5,FALSE,1,625,625,12892,16,79,64,28,0.0146,195.76063269201,54,36,32,0.0136,183.267096205821,157559
29,signed,1,FALSE,FALSE,FALSE,FALSE,none,spearman,1,FALSE,1,636,636,12892,17,88,79,31,0.0142,224.525078610944,54,34,33,0.0112,203.491150694795,157559
2,signed,1,FALSE,FALSE,FALSE,FALSE,none,cor,2,FALSE,1,609,609,12892,17,56,47,21,0.0176,115.278702998055,52,37,35,0.0135,147.181588951258,157559
300,signed,1,TRUE,FALSE,FALSE,TRUE,none,bicor,6,FALSE,1,638,638,12892,16,75,64,29,0.0087,203.324151252367,56,32,37,0.0141,181.724033835817,157559
301,signed,1,TRUE,FALSE,FALSE,TRUE,none,bicor,7,FALSE,1,650,650,12892,16,70,63,25,0.012,176.335058950714,46,35,31,0.011,150.47526488959,157559
302,signed,1,TRUE,FALSE,FALSE,TRUE,none,bicor,8,FALSE,1,634,634,12892,16,75,62,28,0.0179,167.36762978774,50,33,30,0.013,153.077642388406,157559
303,signed,1,TRUE,FALSE,FALSE,TRUE,none,bicor,9,FALSE,1,632,632,12892,16,85,75,31,0.0152,194.293037838709,63,43,37,0.0148,184.64469536813,157559
304,signed,1,TRUE,FALSE,FALSE,TRUE,none,bicor,10,FALSE,1,640,640,12892,16,65,53,24,0.0119,166.593089943848,43,31,29,0.0127,132.818382636838,157559
305,signed,1,TRUE,FALSE,FALSE,TRUE,none,bicor,11,FALSE,1,619,619,12892,17,68,54,23,0.0126,169.115720140696,46,33,33,0.0139,144.798320401147,157559
306,signed,1,TRUE,FALSE,FALSE,TRUE,none,bicor,12,FALSE,1,610,610,12892,16,75,63,30,0.0119,194.711931155656,47,33,33,0.0137,148.691129762912,157559
307,signed,1,TRUE,FALSE,FALSE,TRUE,none,bicor,13,FALSE,1,612,612,12892,16,77,66,31,0.0116,206.329362187268,39,30,27,0.0174,122.879063084725,157559
308,signed,1,TRUE,FALSE,FALSE,TRUE,none,bicor,14,FALSE,1,597,597,12892,16,54,45,21,0.0115,153.051328208224,52,37,30,0.0105,182.265040777168,157559
309,signed,1,TRUE,FALSE,FALSE,TRUE,none,spearman,1,FALSE,1,600,600,12892,17,75,64,32,0.0186,176.451750208874,50,33,35,0.016,143.963125898791,157559
30,signed,1,FALSE,FALSE,FALSE,FALSE,none,spearman,2,FALSE,1,612,612,12892,17,76,62,30,0.0134,185.991650576958,56,30,29,0.0114,198.359872730432,157559
310,signed,1,TRUE,FALSE,FALSE,TRUE,none,spearman,2,FALSE,1,636,636,12892,16,71,63,29,0.0151,164.306924751807,51,34,36,0.0106,161.501951777537,157559
311,signed,1,TRUE,FALSE,FALSE,TRUE,none,spearman,3,FALSE,1,604,604,12892,16,77,64,28,0.0175,168.238463489187,56,35,34,0.014,155.564465798508,157559
312,signed,1,TRUE,FALSE,FALSE,TRUE,none,spearman,4,FALSE,1,644,644,12892,16,69,56,25,0.0122,178.303224552874,57,35,38,0.0163,175.319241457585,157559
313,signed,1,TRUE,FALSE,FALSE,TRUE,none,spearman,5,FALSE,1,635,635,12892,16,79,67,27,0.015,198.662912117241,62,41,39,0.0154,176.467925151684,157559
314,signed,1,TRUE,FALSE,FALSE,TRUE,none,spearman,6,FALSE,1,641,641,12892,16,57,51,22,0.0094,162.225729243501,65,42,37,0.0144,176.674322463501,157559
315,signed,1,TRUE,FALSE,FALSE,TRUE,none,spearman,7,FALSE,1,639,639,12892,16,63,56,27,0.0125,158.698542725625,55,40,32,0.0136,158.784794911829,157559
316,signed,1,TRUE,FALSE,FALSE,TRUE,none,spearman,8,FALSE,1,640,640,12892,16,65,53,26,0.014,149.389379699539,55,39,31,0.0179,157.57305991944,157559
317,signed,1,TRUE,FALSE,FALSE,TRUE,none,spearman,9,FALSE,1,627,627,12892,16,60,51,24,0.014,136.605042354063,66,42,35,0.0163,183.724950279085,157559
318,signed,1,TRUE,FALSE,FALSE,TRUE,none,spearman,10,FALSE,1,615,615,12892,17,68,56,29,0.0136,163.870996617143,67,45,39,0.0137,196.062804662636,157559
319,signed,1,TRUE,FALSE,FALSE,TRUE,none,spearman,11,FALSE,1,631,631,12892,16,62,56,28,0.0179,127.96306576044,58,37,39,0.012,180.139231346404,157559
31,signed,1,FALSE,FALSE,FALSE,FALSE,none,spearman,3,FALSE,1,627,627,12892,16,92,73,31,0.0169,225.102984878906,48,28,31,0.0093,170.944976906794,157559
320,signed,1,TRUE,FALSE,FALSE,TRUE,none,spearman,12,FALSE,1,637,637,12892,17,69,60,26,0.0155,153.327903266551,59,41,35,0.016,183.640471302702,157559
321,signed,1,TRUE,FALSE,FALSE,TRUE,none,spearman,13,FALSE,1,623,623,12892,16,67,53,28,0.0145,152.696529962824,56,38,38,0.0143,183.775381926046,157559
322,signed,1,TRUE,FALSE,FALSE,TRUE,none,spearman,14,FALSE,1,623,623,12892,16,81,69,31,0.013,197.741022339613,62,41,38,0.0168,199.742243698912,157559
323,signed,1,TRUE,FALSE,FALSE,TRUE,none,cor-dist,1,FALSE,1,630,630,12892,16,58,46,22,0.0124,134.296584013988,45,28,30,0.0138,137.349980986326,157559
324,signed,1,TRUE,FALSE,FALSE,TRUE,none,cor-dist,2,FALSE,1,622,622,12892,16,47,37,18,0.0108,115.057417868492,55,35,35,0.0166,152.048689076537,157559
325,signed,1,TRUE,FALSE,FALSE,TRUE,none,cor-dist,3,FALSE,1,616,616,12892,16,78,60,30,0.0144,177.344242796171,47,31,33,0.0131,155.179794915644,157559
326,signed,1,TRUE,FALSE,FALSE,TRUE,none,cor-dist,4,FALSE,1,618,618,12892,17,69,57,25,0.0145,142.665032032932,40,31,27,0.0109,139.082901230125,157559
327,signed,1,TRUE,FALSE,FALSE,TRUE,none,cor-dist,5,FALSE,1,638,638,12892,16,66,52,25,0.0113,148.965453061744,49,34,34,0.01,162.074848895927,157559
328,signed,1,TRUE,FALSE,FALSE,TRUE,none,cor-dist,6,FALSE,1,622,622,12892,16,69,55,22,0.0164,143.641578040043,56,38,33,0.0085,173.538838694908,157559
329,signed,1,TRUE,FALSE,FALSE,TRUE,none,cor-dist,7,FALSE,1,634,634,12892,17,73,57,25,0.0164,152.430642333541,49,37,25,0.0078,171.553756367033,157559
32,signed,1,FALSE,FALSE,FALSE,FALSE,none,spearman,4,FALSE,1,622,622,12892,17,84,67,31,0.017,206.169502225872,45,27,28,0.0083,171.016507388288,157559
330,signed,1,TRUE,FALSE,FALSE,TRUE,none,cor-dist,8,FALSE,1,635,635,12892,16,67,51,23,0.0118,162.147682457866,45,33,31,0.013,144.698626883298,157559
331,signed,1,TRUE,FALSE,FALSE,TRUE,none,cor-dist,9,FALSE,1,630,630,12892,16,87,72,25,0.0113,239.813337584457,52,35,37,0.0095,189.192773654726,157559
332,signed,1,TRUE,FALSE,FALSE,TRUE,none,cor-dist,10,FALSE,1,633,633,12892,16,76,65,21,0.0129,196.97789305612,54,35,35,0.01,190.671519739671,157559
333,signed,1,TRUE,FALSE,FALSE,TRUE,none,cor-dist,11,FALSE,1,643,643,12892,16,82,67,27,0.016,170.270896078289,53,35,35,0.0095,191.466121045805,157559
334,signed,1,TRUE,FALSE,FALSE,TRUE,none,cor-dist,12,FALSE,1,618,618,12892,17,90,72,31,0.0157,200.108166879739,48,34,30,0.014,159.911901357474,157559
335,signed,1,TRUE,FALSE,FALSE,TRUE,none,cor-dist,13,FALSE,1,636,636,12892,16,59,42,22,0.013,131.422039538705,45,32,29,0.0087,166.698694579354,157559
336,signed,1,TRUE,FALSE,FALSE,TRUE,none,cor-dist,14,FALSE,1,620,620,12892,16,86,71,29,0.0147,191.75189489375,33,25,29,0.012,116.491310806882,157559
337,signed,1,TRUE,TRUE,FALSE,FALSE,none,cor,1,FALSE,1,620,620,12892,16,71,53,26,0.0111,208.887677729342,54,38,34,0.0126,178.303186050439,157559
338,signed,1,TRUE,TRUE,FALSE,FALSE,none,cor,2,FALSE,1,628,628,12892,16,85,66,26,0.0131,225.350718192379,69,49,43,0.0156,216.345352336124,157559
339,signed,1,TRUE,TRUE,FALSE,FALSE,none,cor,3,FALSE,1,654,654,12892,15,68,57,25,0.0169,166.105325953493,68,44,41,0.0137,208.328443194199,157559
33,signed,1,FALSE,FALSE,FALSE,FALSE,none,spearman,5,FALSE,1,626,626,12892,17,83,70,28,0.0152,204.837479921529,50,27,33,0.0081,172.145009095538,157559
340,signed,1,TRUE,TRUE,FALSE,FALSE,none,cor,4,FALSE,1,627,627,12892,16,82,68,28,0.0155,205.753430717547,60,38,34,0.013,194.454184764203,157559
341,signed,1,TRUE,TRUE,FALSE,FALSE,none,cor,5,FALSE,1,631,631,12892,16,80,68,27,0.0149,186.640237756591,63,43,35,0.0094,205.818967636057,157559
342,signed,1,TRUE,TRUE,FALSE,FALSE,none,cor,6,FALSE,1,621,621,12892,16,81,66,28,0.0109,227.411953160168,63,39,36,0.0149,188.730816534278,157559
343,signed,1,TRUE,TRUE,FALSE,FALSE,none,cor,7,FALSE,1,636,636,12892,16,77,64,29,0.0112,194.263124328142,54,41,32,0.0131,166.729212026273,157559
344,signed,1,TRUE,TRUE,FALSE,FALSE,none,cor,8,FALSE,1,639,639,12892,16,98,77,34,0.0133,233.362784188968,59,41,36,0.0141,199.699300723489,157559
345,signed,1,TRUE,TRUE,FALSE,FALSE,none,cor,9,FALSE,1,635,635,12892,16,91,80,29,0.0116,271.309128075963,62,40,36,0.0138,200.008787998281,157559
346,signed,1,TRUE,TRUE,FALSE,FALSE,none,cor,10,FALSE,1,633,633,12892,16,79,63,30,0.0141,203.279072243225,61,39,34,0.0147,188.178982770445,157559
347,signed,1,TRUE,TRUE,FALSE,FALSE,none,cor,11,FALSE,1,609,609,12892,16,76,64,27,0.0106,213.828505959483,60,40,36,0.0159,184.648872493869,157559
348,signed,1,TRUE,TRUE,FALSE,FALSE,none,cor,12,FALSE,1,635,635,12892,16,83,67,30,0.0149,209.199820174783,55,38,35,0.0135,183.692787894057,157559
349,signed,1,TRUE,TRUE,FALSE,FALSE,none,cor,13,FALSE,1,626,626,12892,16,90,72,29,0.0123,243.55920956893,55,38,32,0.0111,187.234080443402,157559
34,signed,1,FALSE,FALSE,FALSE,FALSE,none,spearman,6,FALSE,1,625,625,12892,16,87,77,31,0.0174,212.871302780587,57,37,32,0.0113,179.422372627778,157559
350,signed,1,TRUE,TRUE,FALSE,FALSE,none,cor,14,FALSE,1,624,624,12892,16,78,72,27,0.0127,216.802091887873,47,30,31,0.0118,157.707127990434,157559
351,signed,1,TRUE,TRUE,FALSE,FALSE,none,bicor,1,FALSE,1,644,644,12892,16,50,47,23,0.0134,132.716566008898,60,43,34,0.0139,174.22946076891,157559
352,signed,1,TRUE,TRUE,FALSE,FALSE,none,bicor,2,FALSE,1,615,615,12892,16,61,57,27,0.0101,159.241556165225,53,36,30,0.0111,204.655642299299,157559
353,signed,1,TRUE,TRUE,FALSE,FALSE,none,bicor,3,FALSE,1,618,618,12892,16,46,45,21,0.0114,116.472749511087,57,33,30,0.0126,180.634412130614,157559
354,signed,1,TRUE,TRUE,FALSE,FALSE,none,bicor,4,FALSE,1,632,632,12892,16,54,51,23,0.0125,142.89091894721,53,37,38,0.0118,186.147688788222,157559
355,signed,1,TRUE,TRUE,FALSE,FALSE,none,bicor,5,FALSE,1,624,624,12892,16,64,59,28,0.0142,150.481165329562,50,36,36,0.0109,197.287727759248,157559
356,signed,1,TRUE,TRUE,FALSE,FALSE,none,bicor,6,FALSE,1,638,638,12892,16,53,51,24,0.0103,141.991048709541,53,36,36,0.0124,196.696803067881,157559
357,signed,1,TRUE,TRUE,FALSE,FALSE,none,bicor,7,FALSE,1,638,638,12892,16,56,54,26,0.014,144.083418586763,53,35,37,0.0145,185.02317207666,157559
358,signed,1,TRUE,TRUE,FALSE,FALSE,none,bicor,8,FALSE,1,631,631,12892,16,56,54,26,0.015,135.882175764797,49,33,34,0.015,180.95265266753,157559
359,signed,1,TRUE,TRUE,FALSE,FALSE,none,bicor,9,FALSE,1,629,629,12892,16,61,58,28,0.0155,144.913657449246,52,41,33,0.0126,183.649789461078,157559
35,signed,1,FALSE,FALSE,FALSE,FALSE,none,spearman,7,FALSE,1,637,637,12892,16,66,64,22,0.0166,164.263867526561,54,33,30,0.0097,186.023406875467,157559
360,signed,1,TRUE,TRUE,FALSE,FALSE,none,bicor,10,FALSE,1,617,617,12892,16,44,42,21,0.0129,114.362836371037,50,31,32,0.011,183.881745202556,157559
361,signed,1,TRUE,TRUE,FALSE,FALSE,none,bicor,11,FALSE,1,620,620,12892,17,49,45,24,0.0099,138.418590143131,54,43,36,0.0127,182.670555815464,157559
362,signed,1,TRUE,TRUE,FALSE,FALSE,none,bicor,12,FALSE,1,596,596,12892,17,55,52,28,0.0121,138.166400278637,51,37,35,0.0141,188.915370870583,157559
363,signed,1,TRUE,TRUE,FALSE,FALSE,none,bicor,13,FALSE,1,623,623,12892,16,70,64,30,0.0155,179.224314769442,48,38,32,0.0138,172.010319567583,157559
364,signed,1,TRUE,TRUE,FALSE,FALSE,none,bicor,14,FALSE,1,585,585,12892,17,80,68,29,0.0153,177.601456144968,59,43,37,0.0145,202.083107749444,157559
365,signed,1,TRUE,TRUE,FALSE,FALSE,none,spearman,1,FALSE,1,637,637,12892,16,79,76,29,0.0141,189.28321801138,54,34,30,0.0122,168.267989230788,157559
366,signed,1,TRUE,TRUE,FALSE,FALSE,none,spearman,2,FALSE,1,625,625,12892,16,65,60,26,0.0132,152.946624031422,59,40,36,0.0125,185.34402585752,157559
367,signed,1,TRUE,TRUE,FALSE,FALSE,none,spearman,3,FALSE,1,639,639,12892,16,60,57,22,0.012,145.775375233432,67,40,39,0.0153,198.239858999821,157559
368,signed,1,TRUE,TRUE,FALSE,FALSE,none,spearman,4,FALSE,1,627,627,12892,16,57,54,24,0.0122,146.082768068689,64,44,38,0.0128,202.673576285175,157559
369,signed,1,TRUE,TRUE,FALSE,FALSE,none,spearman,5,FALSE,1,612,612,12892,17,81,77,28,0.0129,187.53024592777,62,44,35,0.0146,200.106166096881,157559
36,signed,1,FALSE,FALSE,FALSE,FALSE,none,spearman,8,FALSE,1,638,638,12892,16,56,54,22,0.0176,136.654639680445,55,34,30,0.0109,179.100047024828,157559
370,signed,1,TRUE,TRUE,FALSE,FALSE,none,spearman,6,FALSE,1,636,636,12892,16,71,64,21,0.0175,146.111427447732,57,41,39,0.0153,184.005517997723,157559
371,signed,1,TRUE,TRUE,FALSE,FALSE,none,spearman,7,FALSE,1,632,632,12892,16,64,60,24,0.0116,151.404593221091,45,32,30,0.0134,146.88082643692,157559
372,signed,1,TRUE,TRUE,FALSE,FALSE,none,spearman,8,FALSE,1,635,635,12892,16,72,65,21,0.0135,224.140712264318,44,32,34,0.0135,153.849764783381,157559
373,signed,1,TRUE,TRUE,FALSE,FALSE,none,spearman,9,FALSE,1,641,641,12892,16,88,75,31,0.0156,221.628035241006,63,42,39,0.0165,189.928804719166,157559
374,signed,1,TRUE,TRUE,FALSE,FALSE,none,spearman,10,FALSE,1,619,619,12892,16,64,62,28,0.016,157.147459952831,53,34,37,0.0124,177.199704774348,157559
375,signed,1,TRUE,TRUE,FALSE,FALSE,none,spearman,11,FALSE,1,620,620,12892,16,69,65,27,0.014,156.211683026621,55,39,37,0.0148,179.010500930694,157559
376,signed,1,TRUE,TRUE,FALSE,FALSE,none,spearman,12,FALSE,1,626,626,12892,16,62,56,25,0.0126,144.862862303741,56,36,34,0.0141,180.754857238083,157559
377,signed,1,TRUE,TRUE,FALSE,FALSE,none,spearman,13,FALSE,1,620,620,12892,17,72,69,26,0.014,166.4850803531,48,37,30,0.012,167.622089126401,157559
378,signed,1,TRUE,TRUE,FALSE,FALSE,none,spearman,14,FALSE,1,636,636,12892,16,60,58,24,0.0128,134.260866937582,50,35,33,0.0126,168.986391767382,157559
379,signed,1,TRUE,TRUE,FALSE,FALSE,none,cor-dist,1,FALSE,1,597,597,12892,17,91,71,29,0.0128,226.025099169168,63,41,37,0.0141,215.849163834751,157559
37,signed,1,FALSE,FALSE,FALSE,FALSE,none,spearman,9,FALSE,1,654,654,12892,15,63,58,28,0.0151,154.690111539776,56,39,31,0.0105,184.551203305652,157559
380,signed,1,TRUE,TRUE,FALSE,FALSE,none,cor-dist,2,FALSE,1,619,619,12892,17,72,61,25,0.0145,175.343478177953,64,37,38,0.0168,202.088707402632,157559
381,signed,1,TRUE,TRUE,FALSE,FALSE,none,cor-dist,3,FALSE,1,619,619,12892,17,77,63,25,0.0141,178.677619891409,68,38,40,0.0153,235.564565876831,157559
382,signed,1,TRUE,TRUE,FALSE,FALSE,none,cor-dist,4,FALSE,1,629,629,12892,16,70,61,28,0.015,162.067125889775,55,32,37,0.0137,186.41572609576,157559
383,signed,1,TRUE,TRUE,FALSE,FALSE,none,cor-dist,5,FALSE,1,616,616,12892,17,73,66,29,0.0176,161.864883372195,69,36,40,0.0132,216.57060338551,157559
384,signed,1,TRUE,TRUE,FALSE,FALSE,none,cor-dist,6,FALSE,1,617,617,12892,17,73,67,30,0.0153,156.506035421021,73,40,43,0.0138,229.101800775431,157559
385,signed,1,TRUE,TRUE,FALSE,FALSE,none,cor-dist,7,FALSE,1,637,637,12892,16,87,77,29,0.0188,174.775780639718,61,36,35,0.0132,200.988464501371,157559
386,signed,1,TRUE,TRUE,FALSE,FALSE,none,cor-dist,8,FALSE,1,629,629,12892,17,82,73,33,0.0152,194.549300939662,60,36,37,0.0123,207.550573590504,157559
387,signed,1,TRUE,TRUE,FALSE,FALSE,none,cor-dist,9,FALSE,1,640,640,12892,16,87,85,34,0.0149,197.412246426394,55,35,35,0.0135,204.696944909642,157559
388,signed,1,TRUE,TRUE,FALSE,FALSE,none,cor-dist,10,FALSE,1,616,616,12892,17,111,97,33,0.0123,262.637861663525,53,35,35,0.0154,180.922742478953,157559
389,signed,1,TRUE,TRUE,FALSE,FALSE,none,cor-dist,11,FALSE,1,615,615,12892,16,84,67,31,0.0141,187.726274473954,55,34,38,0.014,203.118748501497,157559
38,signed,1,FALSE,FALSE,FALSE,FALSE,none,spearman,10,FALSE,1,632,632,12892,16,60,54,27,0.0124,152.113582177571,62,34,32,0.0113,191.236411042623,157559
390,signed,1,TRUE,TRUE,FALSE,FALSE,none,cor-dist,12,FALSE,1,639,639,12892,16,65,62,28,0.015,130.987894386431,50,31,31,0.0119,183.421533593561,157559
391,signed,1,TRUE,TRUE,FALSE,FALSE,none,cor-dist,13,FALSE,1,620,620,12892,16,88,77,30,0.0158,190.052581259849,52,35,33,0.0112,194.920177277748,157559
392,signed,1,TRUE,TRUE,FALSE,FALSE,none,cor-dist,14,FALSE,1,601,601,12892,17,98,72,30,0.0161,220.726171953321,58,38,34,0.0111,230.39491257291,157559
393,signed,1,TRUE,TRUE,FALSE,TRUE,none,cor,1,FALSE,1,619,619,12892,16,89,73,29,0.0137,258.835614427029,58,35,35,0.0097,202.040590255751,157559
394,signed,1,TRUE,TRUE,FALSE,TRUE,none,cor,2,FALSE,1,627,627,12892,16,92,70,30,0.0178,198.430525571251,57,36,34,0.014,179.801266022765,157559
395,signed,1,TRUE,TRUE,FALSE,TRUE,none,cor,3,FALSE,1,627,627,12892,16,82,64,27,0.0185,177.099064365471,58,33,38,0.0125,180.552942040921,157559
396,signed,1,TRUE,TRUE,FALSE,TRUE,none,cor,4,FALSE,1,633,633,12892,16,72,58,25,0.0206,151.904092626405,53,32,35,0.0133,161.527515663767,157559
397,signed,1,TRUE,TRUE,FALSE,TRUE,none,cor,5,FALSE,1,654,654,12892,16,64,57,25,0.0214,127.766372828434,51,36,33,0.0131,165.643459640871,157559
398,signed,1,TRUE,TRUE,FALSE,TRUE,none,cor,6,FALSE,1,647,647,12892,16,77,55,29,0.0161,168.409871525949,53,37,33,0.0132,180.387446181903,157559
399,signed,1,TRUE,TRUE,FALSE,TRUE,none,cor,7,FALSE,1,629,629,12892,16,67,59,27,0.0234,134.223493204779,47,28,30,0.0109,170.811477838355,157559
39,signed,1,FALSE,FALSE,FALSE,FALSE,none,spearman,11,FALSE,1,631,631,12892,16,67,60,27,0.0142,170.415380906527,51,33,28,0.0102,153.656946170411,157559
3,signed,1,FALSE,FALSE,FALSE,FALSE,none,cor,3,FALSE,1,582,582,12892,17,88,67,29,0.0181,175.5761276312,77,51,38,0.0184,191.990364370644,157559
400,signed,1,TRUE,TRUE,FALSE,TRUE,none,cor,8,FALSE,1,637,637,12892,17,58,51,24,0.0149,133.903986776875,52,35,36,0.0116,177.091115254424,157559
401,signed,1,TRUE,TRUE,FALSE,TRUE,none,cor,9,FALSE,1,604,604,12892,17,79,64,28,0.015,177.963346552709,58,37,37,0.0129,191.54017938593,157559
402,signed,1,TRUE,TRUE,FALSE,TRUE,none,cor,10,FALSE,1,646,646,12892,16,70,58,29,0.0158,158.013483510473,53,36,35,0.0168,155.471491859534,157559
403,signed,1,TRUE,TRUE,FALSE,TRUE,none,cor,11,FALSE,1,631,631,12892,16,82,65,27,0.0152,188.174423601033,49,32,36,0.0154,145.503393358052,157559
404,signed,1,TRUE,TRUE,FALSE,TRUE,none,cor,12,FALSE,1,630,630,12892,16,67,56,28,0.0148,157.262062619764,55,37,35,0.0115,171.157544054555,157559
405,signed,1,TRUE,TRUE,FALSE,TRUE,none,cor,13,FALSE,1,631,631,12892,16,86,70,34,0.0163,209.214729221829,46,32,31,0.0119,150.109828908541,157559
406,signed,1,TRUE,TRUE,FALSE,TRUE,none,cor,14,FALSE,1,609,609,12892,17,104,84,32,0.016,225.080513248604,45,32,34,0.0114,145.756215376973,157559
407,signed,1,TRUE,TRUE,FALSE,TRUE,none,bicor,1,FALSE,1,617,617,12892,16,75,57,27,0.0099,190.671862177332,59,39,42,0.0135,185.957730871455,157559
408,signed,1,TRUE,TRUE,FALSE,TRUE,none,bicor,2,FALSE,1,626,626,12892,16,62,60,27,0.0129,146.664089931402,53,35,35,0.0142,160.111378648315,157559
409,signed,1,TRUE,TRUE,FALSE,TRUE,none,bicor,3,FALSE,1,621,621,12892,16,80,74,31,0.0155,177.509048314227,59,40,40,0.0124,188.12887136351,157559
40,signed,1,FALSE,FALSE,FALSE,FALSE,none,spearman,12,FALSE,1,632,632,12892,16,57,53,26,0.0148,132.420227634813,47,33,29,0.0097,158.626682121978,157559
410,signed,1,TRUE,TRUE,FALSE,TRUE,none,bicor,4,FALSE,1,637,637,12892,17,82,69,34,0.016,175.838341267471,51,36,37,0.0131,158.642530387754,157559
411,signed,1,TRUE,TRUE,FALSE,TRUE,none,bicor,5,FALSE,1,651,651,12892,16,61,53,29,0.0119,146.816977750591,48,35,34,0.0125,155.704776935733,157559
412,signed,1,TRUE,TRUE,FALSE,TRUE,none,bicor,6,FALSE,1,635,635,12892,16,55,50,27,0.0117,136.793875822081,49,31,35,0.0114,169.908002888181,157559
413,signed,1,TRUE,TRUE,FALSE,TRUE,none,bicor,7,FALSE,1,619,619,12892,16,63,54,26,0.016,142.983393607167,52,35,35,0.0115,178.192312715837,157559
414,signed,1,TRUE,TRUE,FALSE,TRUE,none,bicor,8,FALSE,1,627,627,12892,16,60,57,30,0.0117,137.927316892731,45,28,33,0.0091,168.356667946413,157559
415,signed,1,TRUE,TRUE,FALSE,TRUE,none,bicor,9,FALSE,1,630,630,12892,16,66,56,26,0.0124,154.465707850875,48,31,33,0.0123,166.074637163771,157559
416,signed,1,TRUE,TRUE,FALSE,TRUE,none,bicor,10,FALSE,1,644,644,12892,16,50,46,23,0.014,122.832154188123,46,31,32,0.0111,161.272945682515,157559
417,signed,1,TRUE,TRUE,FALSE,TRUE,none,bicor,11,FALSE,1,643,643,12892,16,75,67,29,0.0222,147.241994812553,60,36,37,0.0113,186.718733082247,157559
418,signed,1,TRUE,TRUE,FALSE,TRUE,none,bicor,12,FALSE,1,621,621,12892,16,56,52,26,0.0181,112.978215372178,58,37,41,0.014,167.92196728205,157559
419,signed,1,TRUE,TRUE,FALSE,TRUE,none,bicor,13,FALSE,1,632,632,12892,16,68,59,27,0.0119,167.629004769301,50,37,37,0.0107,164.438633801134,157559
41,signed,1,FALSE,FALSE,FALSE,FALSE,none,spearman,13,FALSE,1,624,624,12892,17,52,47,24,0.0169,117.409472771542,56,37,36,0.0132,170.333075779584,157559
420,signed,1,TRUE,TRUE,FALSE,TRUE,none,bicor,14,FALSE,1,607,607,12892,16,78,67,31,0.0119,190.707997610433,61,39,42,0.0139,190.774843973857,157559
421,signed,1,TRUE,TRUE,FALSE,TRUE,none,spearman,1,FALSE,1,600,600,12892,17,75,64,32,0.0186,176.451750208874,50,33,35,0.016,143.963125898791,157559
422,signed,1,TRUE,TRUE,FALSE,TRUE,none,spearman,2,FALSE,1,636,636,12892,16,71,63,29,0.0151,164.306924751807,51,34,36,0.0106,161.501951777537,157559
423,signed,1,TRUE,TRUE,FALSE,TRUE,none,spearman,3,FALSE,1,604,604,12892,16,77,64,28,0.0175,168.238463489187,56,35,34,0.014,155.564465798508,157559
424,signed,1,TRUE,TRUE,FALSE,TRUE,none,spearman,4,FALSE,1,644,644,12892,16,69,56,25,0.0122,178.303224552874,57,35,38,0.0163,175.319241457585,157559
425,signed,1,TRUE,TRUE,FALSE,TRUE,none,spearman,5,FALSE,1,635,635,12892,16,79,67,27,0.015,198.662912117241,62,41,39,0.0154,176.467925151684,157559
426,signed,1,TRUE,TRUE,FALSE,TRUE,none,spearman,6,FALSE,1,641,641,12892,16,57,51,22,0.0094,162.225729243501,65,42,37,0.0144,176.674322463501,157559
427,signed,1,TRUE,TRUE,FALSE,TRUE,none,spearman,7,FALSE,1,639,639,12892,16,63,56,27,0.0125,158.698542725625,55,40,32,0.0136,158.784794911829,157559
428,signed,1,TRUE,TRUE,FALSE,TRUE,none,spearman,8,FALSE,1,640,640,12892,16,65,53,26,0.014,149.389379699539,55,39,31,0.0179,157.57305991944,157559
429,signed,1,TRUE,TRUE,FALSE,TRUE,none,spearman,9,FALSE,1,627,627,12892,16,60,51,24,0.014,136.605042354063,66,42,35,0.0163,183.724950279085,157559
42,signed,1,FALSE,FALSE,FALSE,FALSE,none,spearman,14,FALSE,1,639,639,12892,16,46,39,23,0.016,98.265521828891,62,40,33,0.0124,194.216659521016,157559
430,signed,1,TRUE,TRUE,FALSE,TRUE,none,spearman,10,FALSE,1,615,615,12892,17,68,56,29,0.0136,163.870996617143,67,45,39,0.0137,196.062804662636,157559
431,signed,1,TRUE,TRUE,FALSE,TRUE,none,spearman,11,FALSE,1,631,631,12892,16,62,56,28,0.0179,127.96306576044,58,37,39,0.012,180.139231346404,157559
432,signed,1,TRUE,TRUE,FALSE,TRUE,none,spearman,12,FALSE,1,637,637,12892,17,69,60,26,0.0155,153.327903266551,59,41,35,0.016,183.640471302702,157559
433,signed,1,TRUE,TRUE,FALSE,TRUE,none,spearman,13,FALSE,1,623,623,12892,16,67,53,28,0.0145,152.696529962824,56,38,38,0.0143,183.775381926046,157559
434,signed,1,TRUE,TRUE,FALSE,TRUE,none,spearman,14,FALSE,1,623,623,12892,16,81,69,31,0.013,197.741022339613,62,41,38,0.0168,199.742243698912,157559
435,signed,1,TRUE,TRUE,FALSE,TRUE,none,cor-dist,1,FALSE,1,641,641,12892,16,84,72,27,0.0168,184.739394515565,50,36,33,0.0111,162.689562579604,157559
436,signed,1,TRUE,TRUE,FALSE,TRUE,none,cor-dist,2,FALSE,1,641,641,12892,16,67,52,25,0.0156,135.996521033052,55,35,32,0.0118,180.42384897778,157559
437,signed,1,TRUE,TRUE,FALSE,TRUE,none,cor-dist,3,FALSE,1,620,620,12892,16,62,56,25,0.0144,130.952247451589,42,28,26,0.0145,138.600721304097,157559
438,signed,1,TRUE,TRUE,FALSE,TRUE,none,cor-dist,4,FALSE,1,617,617,12892,17,78,68,29,0.0155,161.274173852162,45,33,28,0.0149,142.525406665129,157559
439,signed,1,TRUE,TRUE,FALSE,TRUE,none,cor-dist,5,FALSE,1,629,629,12892,16,78,65,27,0.0153,176.805302584545,53,32,35,0.0164,156.855404369417,157559
43,signed,1,FALSE,FALSE,FALSE,FALSE,none,cor-dist,1,FALSE,1,642,642,12892,16,49,41,26,0.019,98.7422576626566,41,28,27,0.0158,133.583846136001,157559
440,signed,1,TRUE,TRUE,FALSE,TRUE,none,cor-dist,6,FALSE,1,638,638,12892,16,76,68,25,0.0153,160.686744412585,51,36,32,0.0146,156.913183165321,157559
441,signed,1,TRUE,TRUE,FALSE,TRUE,none,cor-dist,7,FALSE,1,644,644,12892,16,78,63,30,0.0164,171.408273340975,44,28,34,0.0146,147.23385425787,157559
442,signed,1,TRUE,TRUE,FALSE,TRUE,none,cor-dist,8,FALSE,1,656,656,12892,16,82,68,27,0.0169,186.783007620445,52,31,31,0.0177,157.672621939389,157559
443,signed,1,TRUE,TRUE,FALSE,TRUE,none,cor-dist,9,FALSE,1,630,630,12892,16,87,72,32,0.0167,198.851556741025,49,33,34,0.0143,157.987391829054,157559
444,signed,1,TRUE,TRUE,FALSE,TRUE,none,cor-dist,10,FALSE,1,662,662,12892,15,81,64,30,0.0164,166.346509668898,46,28,37,0.0163,152.756181174386,157559
445,signed,1,TRUE,TRUE,FALSE,TRUE,none,cor-dist,11,FALSE,1,653,653,12892,16,91,75,35,0.0139,195.377181019573,46,31,30,0.011,164.878920982645,157559
446,signed,1,TRUE,TRUE,FALSE,TRUE,none,cor-dist,12,FALSE,1,650,650,12892,15,87,69,33,0.0146,187.218284066384,50,32,31,0.014,171.626224813732,157559
447,signed,1,TRUE,TRUE,FALSE,TRUE,none,cor-dist,13,FALSE,1,626,626,12892,17,88,77,33,0.0137,226.453017847832,49,32,30,0.0083,178.569239533512,157559
448,signed,1,TRUE,TRUE,FALSE,TRUE,none,cor-dist,14,FALSE,1,620,620,12892,16,72,58,28,0.0151,161.574772477979,53,33,32,0.012,175.887530456782,157559
44,signed,1,FALSE,FALSE,FALSE,FALSE,none,cor-dist,2,FALSE,1,633,633,12892,16,48,44,24,0.0134,116.331371153043,58,38,31,0.0166,164.197419361864,157559
45,signed,1,FALSE,FALSE,FALSE,FALSE,none,cor-dist,3,FALSE,1,623,623,12892,17,47,39,24,0.0155,110.06667450387,43,33,27,0.013,151.885712324806,157559
46,signed,1,FALSE,FALSE,FALSE,FALSE,none,cor-dist,4,FALSE,1,636,636,12892,16,45,38,21,0.0137,102.459375108595,48,35,31,0.0151,145.492914427844,157559
47,signed,1,FALSE,FALSE,FALSE,FALSE,none,cor-dist,5,FALSE,1,639,639,12892,16,52,43,21,0.0189,106.906627737412,45,29,29,0.0148,149.723172914001,157559
48,signed,1,FALSE,FALSE,FALSE,FALSE,none,cor-dist,6,FALSE,1,645,645,12892,16,57,51,24,0.0203,114.473560771042,51,34,27,0.0138,158.350080107378,157559
49,signed,1,FALSE,FALSE,FALSE,FALSE,none,cor-dist,7,FALSE,1,642,642,12892,16,26,23,16,0.0192,50.3342952052326,53,36,31,0.0131,160.578687933913,157559
4,signed,1,FALSE,FALSE,FALSE,FALSE,none,cor,4,FALSE,1,594,594,12892,17,74,63,26,0.0173,159.653733737334,53,36,31,0.0123,161.756220880725,157559
50,signed,1,FALSE,FALSE,FALSE,FALSE,none,cor-dist,8,FALSE,1,620,620,12892,16,34,33,19,0.0224,63.5178280328357,57,37,34,0.017,177.143110657886,157559
51,signed,1,FALSE,FALSE,FALSE,FALSE,none,cor-dist,9,FALSE,1,628,628,12892,16.5,49,44,26,0.0196,107.556738347153,49,30,29,0.0109,165.401760218835,157559
52,signed,1,FALSE,FALSE,FALSE,FALSE,none,cor-dist,10,FALSE,1,614,614,12892,16,40,36,24,0.0226,73.1572092202179,52,32,31,0.0174,156.111514146097,157559
53,signed,1,FALSE,FALSE,FALSE,FALSE,none,cor-dist,11,FALSE,1,637,637,12892,16,41,38,20,0.0153,99.7367958112415,52,34,31,0.013,164.637341931956,157559
54,signed,1,FALSE,FALSE,FALSE,FALSE,none,cor-dist,12,FALSE,1,632,632,12892,16,51,47,23,0.0169,118.50248590514,55,39,31,0.015,168.706484526107,157559
55,signed,1,FALSE,FALSE,FALSE,FALSE,none,cor-dist,13,FALSE,1,621,621,12892,16,40,35,20,0.0154,103.288184350834,43,34,25,0.0127,150.905624402537,157559
56,signed,1,FALSE,FALSE,FALSE,FALSE,none,cor-dist,14,FALSE,1,638,638,12892,16,49,44,24,0.0232,102.222030344443,43,31,27,0.0082,169.108529327387,157559
57,signed,1,FALSE,FALSE,FALSE,TRUE,none,cor,1,FALSE,1,632,632,12892,16,94,74,23,0.0082,241.434541185143,36,29,29,0.0127,108.466944630659,157559
58,signed,1,FALSE,FALSE,FALSE,TRUE,none,cor,2,FALSE,1,623,623,12892,16,97,70,27,0.0107,227.069863394219,46,34,34,0.016,126.903212349477,157559
59,signed,1,FALSE,FALSE,FALSE,TRUE,none,cor,3,FALSE,1,628,628,12892,16,98,75,27,0.0144,235.702691989666,35,21,30,0.0172,109.203513602216,157559
5,signed,1,FALSE,FALSE,FALSE,FALSE,none,cor,5,FALSE,1,615,615,12892,16,95,77,33,0.0169,192.168413418568,56,39,30,0.0177,154.720297769322,157559
60,signed,1,FALSE,FALSE,FALSE,TRUE,none,cor,4,FALSE,1,619,619,12892,16,92,72,27,0.0142,260.978175478649,39,25,33,0.0124,127.455112187763,157559
61,signed,1,FALSE,FALSE,FALSE,TRUE,none,cor,5,FALSE,1,613,613,12892,16,91,74,25,0.0112,334.152984932921,29,22,23,0.0136,102.670817448069,157559
62,signed,1,FALSE,FALSE,FALSE,TRUE,none,cor,6,FALSE,1,625,625,12892,16,85,63,20,0.0094,256.97684326082,52,40,35,0.0135,151.237795405454,157559
63,signed,1,FALSE,FALSE,FALSE,TRUE,none,cor,7,FALSE,1,628,628,12892,16,98,69,25,0.0134,232.492873485684,41,25,30,0.0132,138.657637464379,157559
64,signed,1,FALSE,FALSE,FALSE,TRUE,none,cor,8,FALSE,1,626,626,12892,16,93,66,28,0.0148,201.545774008609,42,30,31,0.0116,149.31704587715,157559
65,signed,1,FALSE,FALSE,FALSE,TRUE,none,cor,9,FALSE,1,639,639,12892,16,74,60,22,0.0157,167.318653915132,41,30,26,0.0125,134.589873626972,157559
66,signed,1,FALSE,FALSE,FALSE,TRUE,none,cor,10,FALSE,1,650,650,12892,15,108,77,26,0.015,239.679078187307,40,27,30,0.0139,137.391032203245,157559
67,signed,1,FALSE,FALSE,FALSE,TRUE,none,cor,11,FALSE,1,615,615,12892,16,96,68,26,0.016,208.953059667582,45,30,32,0.0146,153.445079843172,157559
68,signed,1,FALSE,FALSE,FALSE,TRUE,none,cor,12,FALSE,1,637,637,12892,16,106,78,32,0.0147,243.209265475605,38,28,25,0.0149,139.415281989903,157559
69,signed,1,FALSE,FALSE,FALSE,TRUE,none,cor,13,FALSE,1,629,629,12892,16,100,82,28,0.0151,232.167004280187,40,28,31,0.0138,132.446983800171,157559
6,signed,1,FALSE,FALSE,FALSE,FALSE,none,cor,6,FALSE,1,619,619,12892,16,74,55,27,0.0166,155.811983997674,70,45,35,0.0168,181.698166582998,157559
70,signed,1,FALSE,FALSE,FALSE,TRUE,none,cor,14,FALSE,1,632,632,12892,16,97,82,29,0.0155,226.495513245477,44,34,26,0.0133,137.347743337641,157559
71,signed,1,FALSE,FALSE,FALSE,TRUE,none,bicor,1,FALSE,1,618,618,12892,16,48,41,20,0.0159,142.596353361922,56,38,36,0.0147,179.551259977648,157559
72,signed,1,FALSE,FALSE,FALSE,TRUE,none,bicor,2,FALSE,1,642,642,12892,16,53,47,22,0.0141,159.467538378404,54,38,35,0.0146,163.294558199216,157559
73,signed,1,FALSE,FALSE,FALSE,TRUE,none,bicor,3,FALSE,1,659,659,12892,16,78,62,28,0.0162,200.806795809178,51,35,34,0.0142,156.160981552592,157559
74,signed,1,FALSE,FALSE,FALSE,TRUE,none,bicor,4,FALSE,1,637,637,12892,16,65,49,23,0.0145,181.648903596532,53,37,34,0.0122,175.265338606474,157559
75,signed,1,FALSE,FALSE,FALSE,TRUE,none,bicor,5,FALSE,1,654,654,12892,16,60,48,22,0.0123,176.544849850017,63,37,39,0.0134,179.420615980418,157559
76,signed,1,FALSE,FALSE,FALSE,TRUE,none,bicor,6,FALSE,1,652,652,12892,16,78,63,29,0.0118,223.825612211188,57,38,37,0.0145,185.331099234191,157559
77,signed,1,FALSE,FALSE,FALSE,TRUE,none,bicor,7,FALSE,1,635,635,12892,16,70,59,29,0.0125,193.693716371668,53,38,36,0.0125,161.776653691259,157559
78,signed,1,FALSE,FALSE,FALSE,TRUE,none,bicor,8,FALSE,1,604,604,12892,17,79,69,29,0.0135,232.645009691477,66,43,40,0.0131,211.414766231459,157559
79,signed,1,FALSE,FALSE,FALSE,TRUE,none,bicor,9,FALSE,1,628,628,12892,16,64,56,25,0.0158,172.436060027275,63,42,40,0.0132,209.690012468495,157559
7,signed,1,FALSE,FALSE,FALSE,FALSE,none,cor,7,FALSE,1,619,619,12892,17,74,54,24,0.0164,156.839533531844,56,36,35,0.0136,157.249474504032,157559
80,signed,1,FALSE,FALSE,FALSE,TRUE,none,bicor,10,FALSE,1,632,632,12892,16,50,45,22,0.0127,142.613517276192,54,34,33,0.0131,168.939101346596,157559
81,signed,1,FALSE,FALSE,FALSE,TRUE,none,bicor,11,FALSE,1,614,614,12892,16,49,42,23,0.0125,139.924151556987,51,35,35,0.013,161.446375189284,157559
82,signed,1,FALSE,FALSE,FALSE,TRUE,none,bicor,12,FALSE,1,621,621,12892,16,58,54,22,0.013,154.536232398414,48,32,35,0.0128,147.284963861107,157559
83,signed,1,FALSE,FALSE,FALSE,TRUE,none,bicor,13,FALSE,1,608,608,12892,16,66,61,25,0.0152,182.454972974709,55,35,42,0.0153,172.736414703244,157559
84,signed,1,FALSE,FALSE,FALSE,TRUE,none,bicor,14,FALSE,1,602,602,12892,16,50,44,21,0.0186,124.821199948882,42,29,29,0.0101,151.863861213853,157559
85,signed,1,FALSE,FALSE,FALSE,TRUE,none,spearman,1,FALSE,1,600,600,12892,17,75,64,32,0.0186,176.451750208874,50,33,35,0.016,143.963125898791,157559
86,signed,1,FALSE,FALSE,FALSE,TRUE,none,spearman,2,FALSE,1,636,636,12892,16,71,63,29,0.0151,164.306924751807,51,34,36,0.0106,161.501951777537,157559
87,signed,1,FALSE,FALSE,FALSE,TRUE,none,spearman,3,FALSE,1,604,604,12892,16,77,64,28,0.0175,168.238463489187,56,35,34,0.014,155.564465798508,157559
88,signed,1,FALSE,FALSE,FALSE,TRUE,none,spearman,4,FALSE,1,644,644,12892,16,69,56,25,0.0122,178.303224552874,57,35,38,0.0163,175.319241457585,157559
89,signed,1,FALSE,FALSE,FALSE,TRUE,none,spearman,5,FALSE,1,635,635,12892,16,79,67,27,0.015,198.662912117241,62,41,39,0.0154,176.467925151684,157559
8,signed,1,FALSE,FALSE,FALSE,FALSE,none,cor,8,FALSE,1,621,621,12892,17,73,61,28,0.0178,148.179338136677,68,43,37,0.0169,174.353444783275,157559
90,signed,1,FALSE,FALSE,FALSE,TRUE,none,spearman,6,FALSE,1,641,641,12892,16,57,51,22,0.0094,162.225729243501,65,42,37,0.0144,176.674322463501,157559
91,signed,1,FALSE,FALSE,FALSE,TRUE,none,spearman,7,FALSE,1,637,637,12892,16,59,50,25,0.0124,142.286875129306,55,38,34,0.0144,158.49113491153,157559
92,signed,1,FALSE,FALSE,FALSE,TRUE,none,spearman,8,FALSE,1,640,640,12892,16,65,53,26,0.014,149.389379699539,55,39,31,0.0179,157.57305991944,157559
93,signed,1,FALSE,FALSE,FALSE,TRUE,none,spearman,9,FALSE,1,627,627,12892,16,60,51,24,0.014,136.605042354063,66,42,35,0.0163,183.724950279085,157559
94,signed,1,FALSE,FALSE,FALSE,TRUE,none,spearman,10,FALSE,1,615,615,12892,17,68,56,29,0.0136,163.870996617143,67,45,39,0.0137,196.062804662636,157559
95,signed,1,FALSE,FALSE,FALSE,TRUE,none,spearman,11,FALSE,1,631,631,12892,16,62,56,28,0.0179,127.96306576044,58,37,39,0.012,180.139231346404,157559
96,signed,1,FALSE,FALSE,FALSE,TRUE,none,spearman,12,FALSE,1,637,637,12892,17,69,60,26,0.0155,153.327903266551,59,41,35,0.016,183.640471302702,157559
97,signed,1,FALSE,FALSE,FALSE,TRUE,none,spearman,13,FALSE,1,623,623,12892,16,67,53,28,0.0145,152.696529962824,56,38,38,0.0143,183.775381926046,157559
98,signed,1,FALSE,FALSE,FALSE,TRUE,none,spearman,14,FALSE,1,623,623,12892,16,81,69,31,0.013,197.741022339613,62,41,38,0.0168,199.742230631527,157559
99,signed,1,FALSE,FALSE,FALSE,TRUE,none,cor-dist,1,FALSE,1,623,623,12892,16,65,54,22,0.0138,154.790632868196,43,28,31,0.0126,143.360338157711,157559
9,signed,1,FALSE,FALSE,FALSE,FALSE,none,cor,9,FALSE,1,623,623,12892,17,87,75,29,0.0148,199.113309499195,56,36,31,0.0133,159.821788880624,157559
